user_input,retrieved_contexts,response,reference,faithfulness,answer_relevancy,context_precision,context_recall
"Define what a ""transaction"" is in a database system.","[""Chapter 7: Transaction processing & Concurrency Control\nBy: Er. Raj Kiran Chhatkuli Assistant Professor Department of Electronics & Computer Engineering IOE Paschimanchal Campus, TU\nWhat is Transaction?\n• A transaction is a single logical unit of work that accesses and possibly modifies the contents of a database.\n• Transactions access data using read and write operations.\n• Let’s take an example of a simple transaction. Suppose a bank employee transfers Rs 500 from A's account to B's account. This very simple and small transaction involves several low-level tasks.\n• A transaction in a database system must maintain ACID properties − in order to ensure accuracy, completeness, and data integrity.\nACID Properties in DBMS The entire transaction takes place at once or doesn't happen at all. The database must be consistent before and after the transaction. Multiple Transactions occur independently without interference. The changes of a successful transaction occurs even if the system failure occurs.\nAtomicity\n• This property states that a transaction must be treated as an atomic unit.\n• By this, we mean that either the entire transaction takes place at once or doesn’t happen at all."", 'Simple Transactions Models\nRead /Write Permanent operations Store Failure END Failure Roll Back Transaction States in DBMS\nSimple Transactions Models\n• Simple transaction model is a model of transaction how it must be.\n• It has active, partially committed, failed, aborted, and committed states.\n• Transaction is a several operations that can change the content of the database which is handled by a single program.\n• Simple transaction model follows all ACID properties while doing transactions.\nSimple Transactions Models\nTransaction States:\n• Active\n• Partially committed\n• Failed\n• Aborted\n• Committed\nActive\n• This is the initial state of every transaction and here the transaction is being executed.\n• For example, updating or inserting or deleting a record is done here.\n• But it is still not saved to the database.\n• When we say transaction it will have set of small steps, and those steps will be executed here.\nPartially committed\n• This is also an execution phase of transaction.\n• When a transaction executes its final operation, it is said to be in a partially committed state.\n• But data is still not saved to the database.']","A transaction is a single logical unit of work that accesses and possibly modifies the contents of a database. It performs its operations through reads and writes, and the entire set of actions is treated as one cohesive unit.","A transaction is a single logical unit of work that accesses and possibly modifies the contents of a database using read and write operations. It must maintain ACID properties to ensure accuracy, completeness, and data integrity.",,,0.99999999995,1.0
What are the four ACID properties in DBMS?,"['Advantages of ACID Properties in DBMS\n• Data Consistency: ACID properties ensure that the data remains consistent and accurate after any transaction execution.\n• Data Integrity: ACID properties maintain the integrity of the data by ensuring that any changes to the database are permanent and cannot be lost.\n• Concurrency Control: ACID properties help to manage multiple transactions occurring concurrently by preventing interference between them.\n• Recovery: ACID properties ensure that in case of any failure or crash, the system can recover the data up to the point of failure or crash.\nDisadvantages of ACID Properties in DBMS\n• Performance: The ACID properties can cause a performance overhead in the system, as they require additional processing to ensure data consistency and integrity.\n• Scalability: The ACID properties may cause scalability issues in large distributed systems where multiple transactions occur concurrently.\n• Complexity: Implementing the ACID properties can increase the complexity of the system and require significant expertise and resources.\nSimple Transactions Models\nRead /Write Permanent operations Store Failure END Failure Roll Back Transaction States in DBMS', 'Read (X) Read (X) X:=X*100 Read (Y) =X+Y Write (X) Read (Y) Write (Z) ¥:=¥—-50 Write(Y)\n• Let X= 500, Y = 500.\n• Suppose T has been executed till Read (Y) and then T’’ starts. As a result, interleaving of operations takes place due to which T’’ reads the correct value of X but the incorrect value of Y and sum computed by T’’: (X+Y = 50, 000+500=50, 500)\nis thus not consistent with the sum at end of the transaction:\nT: (X+Y = 50, 000 + 450 = 50, 450).\nThis results in database inconsistency, due to a loss of 50 units. Hence, transactions must take place in isolation and changes should be visible only after they have been made to the main memory.\nDurability\n• This property ensures that once the transaction has completed execution, the updates and modifications to the database are stored in and written to disk and they persist even if a system failure occurs.\n• These updates now become permanent and are stored in non-volatile memory.\n• The effects of the transaction, thus, are never lost.\nAdvantages of ACID Properties in DBMS\n• Data Consistency: ACID properties ensure that the data remains consistent and accurate after any transaction execution.']",This topic is not covered in the provided material.,"The ACID properties are Atomicity, Consistency, Isolation, and Durability. These properties ensure that the database remains accurate and integrated before and after a transaction.",,,0.99999999995,
"Explain the ""All or nothing rule"" as it relates to database transactions.","['Atomicity\n• This property states that a transaction must be treated as an atomic unit.\n• By this, we mean that either the entire transaction takes place at once or doesn’t happen at all.\n• There is no midway i.e. transactions do not occur partially.\n• It involves the following two operations.\nAbort: If a transaction aborts, changes made to the database are not visible. Commit: If a transaction commits, changes made are visible. Atomicity is also known as the ‘All or nothing rule’.\nAtomicity Example\n• If the transaction fails after completion of T1 but before completion of T2.(say, after write(X) but before write(Y)), then the amount has been deducted from X but not added to Y. This results in an inconsistent database state. Therefore, the transaction must be executed in its entirety in order to ensure the correctness of the database state.\nBefore: X : 500 ¥: 200 I Transaction T | w200 | | k | T2 Read (X) Read (Y) X =x—100 ¥:=¥+ 100 Write (X) Write (Y) I After: X00 | Y :300\nConsistency\n• This property states that integrity constraints must be maintained so that the database is consistent before and after the transaction.\n• It refers to the correctness of a database.', ""Chapter 7: Transaction processing & Concurrency Control\nBy: Er. Raj Kiran Chhatkuli Assistant Professor Department of Electronics & Computer Engineering IOE Paschimanchal Campus, TU\nWhat is Transaction?\n• A transaction is a single logical unit of work that accesses and possibly modifies the contents of a database.\n• Transactions access data using read and write operations.\n• Let’s take an example of a simple transaction. Suppose a bank employee transfers Rs 500 from A's account to B's account. This very simple and small transaction involves several low-level tasks.\n• A transaction in a database system must maintain ACID properties − in order to ensure accuracy, completeness, and data integrity.\nACID Properties in DBMS The entire transaction takes place at once or doesn't happen at all. The database must be consistent before and after the transaction. Multiple Transactions occur independently without interference. The changes of a successful transaction occurs even if the system failure occurs.\nAtomicity\n• This property states that a transaction must be treated as an atomic unit.\n• By this, we mean that either the entire transaction takes place at once or doesn’t happen at all.""]","The “All or nothing rule” refers to the atomicity property of a transaction: a transaction is executed as a single, indivisible unit, so either every operation in the transaction is committed and becomes visible, or none of them are (the transaction aborts). Thus, partial execution—where some changes are applied and others are not—is not allowed.","This rule refers to the Atomicity property, which states that a transaction must be treated as an atomic unit. This means either the entire transaction takes place at once or it does not happen at all, with no partial execution allowed.",,,0.99999999995,1.0
What are the five states of a transaction in the simple transaction model?,"['Simple Transactions Models\nRead /Write Permanent operations Store Failure END Failure Roll Back Transaction States in DBMS\nSimple Transactions Models\n• Simple transaction model is a model of transaction how it must be.\n• It has active, partially committed, failed, aborted, and committed states.\n• Transaction is a several operations that can change the content of the database which is handled by a single program.\n• Simple transaction model follows all ACID properties while doing transactions.\nSimple Transactions Models\nTransaction States:\n• Active\n• Partially committed\n• Failed\n• Aborted\n• Committed\nActive\n• This is the initial state of every transaction and here the transaction is being executed.\n• For example, updating or inserting or deleting a record is done here.\n• But it is still not saved to the database.\n• When we say transaction it will have set of small steps, and those steps will be executed here.\nPartially committed\n• This is also an execution phase of transaction.\n• When a transaction executes its final operation, it is said to be in a partially committed state.\n• But data is still not saved to the database.', ""Chapter 7: Transaction processing & Concurrency Control\nBy: Er. Raj Kiran Chhatkuli Assistant Professor Department of Electronics & Computer Engineering IOE Paschimanchal Campus, TU\nWhat is Transaction?\n• A transaction is a single logical unit of work that accesses and possibly modifies the contents of a database.\n• Transactions access data using read and write operations.\n• Let’s take an example of a simple transaction. Suppose a bank employee transfers Rs 500 from A's account to B's account. This very simple and small transaction involves several low-level tasks.\n• A transaction in a database system must maintain ACID properties − in order to ensure accuracy, completeness, and data integrity.\nACID Properties in DBMS The entire transaction takes place at once or doesn't happen at all. The database must be consistent before and after the transaction. Multiple Transactions occur independently without interference. The changes of a successful transaction occurs even if the system failure occurs.\nAtomicity\n• This property states that a transaction must be treated as an atomic unit.\n• By this, we mean that either the entire transaction takes place at once or doesn’t happen at all.""]","The five states of a transaction in the simple transaction model are **Active**, **Partially committed**, **Failed**, **Aborted**, and **Committed**.","The five states are Active, Partially Committed, Failed, Aborted, and Committed. A transaction moves through these states from its initial execution until it is either permanently saved or rolled back.",,,0.9999999999,
"Define the ""Active"" state of a transaction.","['Simple Transactions Models\nRead /Write Permanent operations Store Failure END Failure Roll Back Transaction States in DBMS\nSimple Transactions Models\n• Simple transaction model is a model of transaction how it must be.\n• It has active, partially committed, failed, aborted, and committed states.\n• Transaction is a several operations that can change the content of the database which is handled by a single program.\n• Simple transaction model follows all ACID properties while doing transactions.\nSimple Transactions Models\nTransaction States:\n• Active\n• Partially committed\n• Failed\n• Aborted\n• Committed\nActive\n• This is the initial state of every transaction and here the transaction is being executed.\n• For example, updating or inserting or deleting a record is done here.\n• But it is still not saved to the database.\n• When we say transaction it will have set of small steps, and those steps will be executed here.\nPartially committed\n• This is also an execution phase of transaction.\n• When a transaction executes its final operation, it is said to be in a partially committed state.\n• But data is still not saved to the database.', ""Chapter 7: Transaction processing & Concurrency Control\nBy: Er. Raj Kiran Chhatkuli Assistant Professor Department of Electronics & Computer Engineering IOE Paschimanchal Campus, TU\nWhat is Transaction?\n• A transaction is a single logical unit of work that accesses and possibly modifies the contents of a database.\n• Transactions access data using read and write operations.\n• Let’s take an example of a simple transaction. Suppose a bank employee transfers Rs 500 from A's account to B's account. This very simple and small transaction involves several low-level tasks.\n• A transaction in a database system must maintain ACID properties − in order to ensure accuracy, completeness, and data integrity.\nACID Properties in DBMS The entire transaction takes place at once or doesn't happen at all. The database must be consistent before and after the transaction. Multiple Transactions occur independently without interference. The changes of a successful transaction occurs even if the system failure occurs.\nAtomicity\n• This property states that a transaction must be treated as an atomic unit.\n• By this, we mean that either the entire transaction takes place at once or doesn’t happen at all.""]","The **Active** state is the initial state of every transaction, during which the transaction’s operations (such as updating, inserting, or deleting records) are executed. At this point the changes are performed but have not yet been saved to the database.","The Active state is the initial state of every transaction where the actual operations, such as updating, inserting, or deleting records, are being executed. At this stage, changes are being processed but are not yet saved to the database.",,,,
"What is a ""Schedule"" in the context of DBMS?","['SERIALIZABLE SCHEDULE\n• The serializability of schedules is used to find non-serial schedules that allow the transaction to execute concurrently without interfering with one another.\n• It identifies which schedules are correct when executions of the transaction have interleaving of their operations.\n• A non-serial schedule will be serializable if its result is equal to the result of its transactions executed serially.\nWhat is Serializability in DBMS?\n• In the field of computer science, serializability is a term that is a property of the system that describes how the different process operates the shared data.\n• Also, serializability ensures that the final result is equivalent to the sequential operation of the data.\n• Here the cooperation of the system means there is no overlapping in the execution of the data.\n• In DBMS, the overall Serializable property is adopted by locking the data during the execution of other processes.\nTypes of Serializability\n• In DBMS, all the transaction should be arranged in a particular order, even if all the transaction is concurrent.\n• If all the transaction is not serializable, then it produces the incorrect result.', '• However, a non-serial schedule can leave the database in inconsistent state because there are multiple transactions running concurrently.\n|\n• By checking that a given non-serial schedule is view serializable, we make sure that it is a consistent schedule.\n• View Serializability ensures that the final state of the database remains consistent and predictable, regardless of the order in which transactions are executed. It helps maintain data integrity in a multi-user database environment.\nView Serializable Example\nNon-Serial Serial —— - S2 is the serial S1 - S2 schedule of S1. If we can prove that - T2 1] - - T2 E T T they are view equivalent then R(X) R(X) W(X) W(X) we we can say R(X) R(Y) that given W(X) W(Y) schedule S1is R(Y) R(X) view Serializable W(Y) W(X) R(Y) R(Y) W(Y) W(Y)\nLets check the three conditions of view serializability:\nView Serializable Example\ne Initial Read\n• In schedule S1, transaction T1 first reads the data item X. In S2 also transaction T1 first reads the data item X.\n• Lets check for Y. In schedule S1, transaction T1 first reads the data item Y. In S2 also the first read operation on Y is performed by T1.']",This topic is not covered in the provided material.,A schedule is a series of operations from one transaction to another that is used to preserve the order of operations within individual transactions. Schedules can be categorized as serial or non-serial.,0.0,0.0,0.99999999995,1.0
"Under what conditions is a pair of operations considered to be ""conflicting""?","['• In the given example, S2 is conflict equivalent to S1 (S1 can be converted to S2 by swapping non-conflicting operations).\n• Two schedules are said to be conflict equivalent if and only if:\n1.They contain the same set of the transaction.\n2.If each pair of conflict operations are ordered in the same way.\nConflict Equivalent\nNon-serial schedule Serial Schedule T T2 T T2 Write(A) Read(A) Read(A) Write(A) Read(A) Read(B) Write(A) Write(B) Read(B) Read(A) Write(B) Write(A) Read(B) Read(B) Write(B) Write(B) Schedule S1 Schedule S2\n• Schedule S2 is a serial schedule because, in this, all operations of T1 are performed before starting any operation of T2. Schedule S1 can be transformed into a serial schedule by swapping non-conflicting operations of S1.\nExample\nT1 T2 Read(X) Read(y) Write(X) Write(Y)\nIn this example, the two transactions are does not use the shared variable. So, in here there is no conflict.\nTo check whether a given non-serial schedule is conflict serializable or not\n1.Figure out all the conflicting operations and enlist them.\n2.Create a precedence graph. For every transaction in the schedule, draw a node in the precedence graph.', '• If all the transaction is not serializable, then it produces the incorrect result.\nTypes of Serializability Conflict Serializability View Serializability\nConflict Serializability\n• Conflict Serializability in DBMS checks if a non-serial schedule is conflict serializable or not.\n• Conflict serializability orders any conflicting operations in the same way as some serial execution.\n• A pair of operations is said to conflict if they operate on the same data item and one of them is a write operation.\nTransactio Transaction j IsConflicting Readi (X) Readj (X) Non-conflicting Readi (X) fl Writej (X Writei (X) Readj (X) fl Writei (X) Writej (X Conflicting\nConflict Serializability\n• A schedule is called conflict serializability if after swapping of non- conflicting operations, it can transform into a serial schedule.\n• The schedule will be a conflict serializable if it is conflict equivalent to a serial schedule.\nConflict Equivalent\n• In the conflict equivalent, one can be transformed to another by swapping non-conflicting operations.\n• In the given example, S2 is conflict equivalent to S1 (S1 can be converted to S2 by swapping non-conflicting operations).']","A pair of operations is considered **conflicting** when they **access the same data item and at least one of the operations is a write**. This definition captures read‑write, write‑read, and write‑write interactions on the same item.","A pair of operations is said to conflict if they operate on the same data item and at least one of them is a write operation. For example, a Read(X) and a Write(X) from different transactions would be conflicting.",,0.9703972821830109,0.49999999995,
List the three main types of concurrency control protocols mentioned in the document.,"['2. Time-Based Protocols\n3. Validation-Based Protocols\nLock-Based Protocols\nLocks are like ""do not disturb"" signs that transactions place on data.\nAnalogy: Editing a shared Google Doc.\nWhen you start typing in a paragraph, it locks that section so no one else can edit it at the same time, preventing you from overwriting each other\'s work.\n• To attain consistency & isolation between the transactions, lock is the most important tool.\n• A lock is a data variable which is associated with a data item. This lock signifies that operations that can be performed on the data item.\n• Through lock-based protocols, to access data items, acquires lock for a current transaction and then releases it after completion.\nLock-Based Protocols\n• There are two kinds of locks used in Lock-based protocols:\na)Shared Lock(S): The locks which disable the write operations but allow read operations for any data in a transaction are known as shared locks.\n• Also called a Read Lock.\n• Allows a transaction to read a data item.\n• Multiple transactions can hold an S-Lock on the same item at the same time (many people can read a document at once).\nLock-Based Protocols', '• When several transactions execute concurrently without any rules and protocols, various problems arise that may harm the data integrity of several databases.\nConcurrency Control\n• Concurrency Control is the working concept that is required for controlling and managing the concurrent execution of database operations and thus avoiding the inconsistencies in the database.\n• Thus, for maintaining the concurrency & isolation of the database, we have the concurrency control protocols.\n• Concurrency control is a crucial aspect of database management systems (DBMS) that ensures the consistency of data in a multi-user environment where multiple transactions may be executed concurrently.\nConcurrency Control Protocols\n• To avoid concurrency problems and to maintain consistency and serializability during the execution of concurrent transactions some rules are made. These rules are known as Concurrency Control Protocols.\n1. Lock-Based Protocols\n2. Time-Based Protocols\n3. Validation-Based Protocols\nLock-Based Protocols\nLocks are like ""do not disturb"" signs that transactions place on data.\nAnalogy: Editing a shared Google Doc.']","The document lists the following three main concurrency‑control protocols:

1. Lock‑Based Protocols  
2. Time‑Based Protocols  
3. Validation‑Based Protocols.","The three types of protocols are Lock-Based Protocols, Time-Based Protocols, and Validation-Based Protocols. These rules are implemented to maintain consistency and serializability during concurrent executions.",,0.8937154807546156,,
What is the difference between a Shared Lock (S) and an Exclusive Lock (X)?,"['• Allows a transaction to read a data item.\n• Multiple transactions can hold an S-Lock on the same item at the same time (many people can read a document at once).\nLock-Based Protocols\nb)Exclusive Lock(X): The locks which allow both the read and write operations for any data in a transaction are known as exclusive locks.\n• Also called a Write Lock.\n• Allows a transaction to both read and write a data item.\n• Only one transaction can hold an X-Lock on an item.\n• If a transaction holds an X-Lock, no other transaction can get any lock (S or X) on that item.\nExample\nT1 Lock-X(B) R(B) B-50 W(B) Unlock(B) T2 Lock-S(B) R(B) Unlock(B)\nLock-Based Protocols\n• There are two kind of lock based protocol mostly used in database:\n1. Two Phase Locking Protocol\n2. Strict Two Phase Locking Protocol\nTwo Phase Locking Protocol\nAcquire Release Lock Lock Acquire Release Lock Lock | Time | 4 5 8 | Start Operations End — +—> — Y Growing Phase Locked Shrinking Phase Phase\nTwo Phase Locking Protocol (Example)\n• This is the most fundamental locking protocol that guarantees serializability. It has a simple but powerful rule:', '2. Time-Based Protocols\n3. Validation-Based Protocols\nLock-Based Protocols\nLocks are like ""do not disturb"" signs that transactions place on data.\nAnalogy: Editing a shared Google Doc.\nWhen you start typing in a paragraph, it locks that section so no one else can edit it at the same time, preventing you from overwriting each other\'s work.\n• To attain consistency & isolation between the transactions, lock is the most important tool.\n• A lock is a data variable which is associated with a data item. This lock signifies that operations that can be performed on the data item.\n• Through lock-based protocols, to access data items, acquires lock for a current transaction and then releases it after completion.\nLock-Based Protocols\n• There are two kinds of locks used in Lock-based protocols:\na)Shared Lock(S): The locks which disable the write operations but allow read operations for any data in a transaction are known as shared locks.\n• Also called a Read Lock.\n• Allows a transaction to read a data item.\n• Multiple transactions can hold an S-Lock on the same item at the same time (many people can read a document at once).\nLock-Based Protocols']","A **Shared Lock (S)** is a read‑only lock: it allows a transaction to read a data item, and many transactions may hold an S‑Lock on the same item simultaneously. An **Exclusive Lock (X)** (also called a write lock) permits a transaction to both read and write the data item, but only one transaction can hold an X‑Lock at a time, and while an X‑Lock is held no other transaction can obtain any lock (S or X) on that item.","A Shared Lock (S), or Read Lock, allows multiple transactions to read a data item simultaneously but disables write operations. An Exclusive Lock (X), or Write Lock, allows a single transaction to both read and write an item while preventing any other locks from being placed on it.",,0.916000644054886,,1.0
What is the fundamental rule of the Two-Phase Locking (2PL) Protocol?,"[""Two Phase Locking Protocol (Example)\n• This is the most fundamental locking protocol that guarantees serializability. It has a simple but powerful rule:\n“A transaction must acquire all the locks it needs before it starts releasing any locks.”\n• Phase 1: Imagine you both want the toy. Before anyone starts playing, you have to ask for permission (lock) and get a key. Once you have the key, you can play with the toy.\n• Phase 2: While playing, you must keep the key with you. Your friend, who also wants to play, has to wait until you finish and give back the key (unlock) before they can have a turn.\nTwo Phase Locking Protocol\nThis rule divides a transaction's life into two phases:\n1. Growing Phase:\n• At the beginning of the transaction, it requests permission for the locks it needs.\n• The transaction is not allowed to proceed until it obtains all the required locks.\n• The transaction can acquire new locks but cannot release any locks.\nAfter obtaining all necessary locks, the transaction can execute its operations.\n2. Shrinking Phase:\n• The transaction starts releasing locks as soon as it no longer needs them.\n• The transaction can release locks but cannot acquire any new locks."", '• Allows a transaction to read a data item.\n• Multiple transactions can hold an S-Lock on the same item at the same time (many people can read a document at once).\nLock-Based Protocols\nb)Exclusive Lock(X): The locks which allow both the read and write operations for any data in a transaction are known as exclusive locks.\n• Also called a Write Lock.\n• Allows a transaction to both read and write a data item.\n• Only one transaction can hold an X-Lock on an item.\n• If a transaction holds an X-Lock, no other transaction can get any lock (S or X) on that item.\nExample\nT1 Lock-X(B) R(B) B-50 W(B) Unlock(B) T2 Lock-S(B) R(B) Unlock(B)\nLock-Based Protocols\n• There are two kind of lock based protocol mostly used in database:\n1. Two Phase Locking Protocol\n2. Strict Two Phase Locking Protocol\nTwo Phase Locking Protocol\nAcquire Release Lock Lock Acquire Release Lock Lock | Time | 4 5 8 | Start Operations End — +—> — Y Growing Phase Locked Shrinking Phase Phase\nTwo Phase Locking Protocol (Example)\n• This is the most fundamental locking protocol that guarantees serializability. It has a simple but powerful rule:']",The fundamental rule of the Two‑Phase Locking (2PL) Protocol is: **a transaction must acquire all the locks it needs before it begins releasing any locks**. This ensures that the transaction’s execution is divided into a growing phase (only acquiring locks) followed by a shrinking phase (only releasing locks).,The fundamental rule of 2PL is that a transaction must acquire all the locks it needs before it starts releasing any of them. This requirement ensures the serializability of the transaction schedule.,1.0,0.9963843009601128,0.9999999999,
"Why is the property of ""Isolation"" important for concurrent transactions?","['Consistency\n• This property states that integrity constraints must be maintained so that the database is consistent before and after the transaction.\n• It refers to the correctness of a database.\n• Referring to the example above, The total amount before and after the transaction must be maintained. Total before T occurs = 500 + 200 = 700. Total after T occurs = 400 + 300 = 700. Therefore, the database is consistent.\n• Inconsistency occurs in case T1 completes but T2 fails. As a result, T is incomplete.\nIsolation\n• This property ensures that multiple transactions can occur concurrently without leading to the inconsistency of the database state.\n• Transactions occur independently without interference.\n• Changes occurring in a particular transaction will not be visible to any other transaction until that particular change in that transaction is written to memory or has been committed.\n• This property ensures that the execution of transactions concurrently will result in a state that is equivalent to a state achieved these were executed serially in some order.\nRead (X) Read (X) X:=X*100 Read (Y) =X+Y Write (X) Read (Y) Write (Z) ¥:=¥—-50 Write(Y)\n• Let X= 500, Y = 500.', 'Atomicity\n• This property states that a transaction must be treated as an atomic unit.\n• By this, we mean that either the entire transaction takes place at once or doesn’t happen at all.\n• There is no midway i.e. transactions do not occur partially.\n• It involves the following two operations.\nAbort: If a transaction aborts, changes made to the database are not visible. Commit: If a transaction commits, changes made are visible. Atomicity is also known as the ‘All or nothing rule’.\nAtomicity Example\n• If the transaction fails after completion of T1 but before completion of T2.(say, after write(X) but before write(Y)), then the amount has been deducted from X but not added to Y. This results in an inconsistent database state. Therefore, the transaction must be executed in its entirety in order to ensure the correctness of the database state.\nBefore: X : 500 ¥: 200 I Transaction T | w200 | | k | T2 Read (X) Read (Y) X =x—100 ¥:=¥+ 100 Write (X) Write (Y) I After: X00 | Y :300\nConsistency\n• This property states that integrity constraints must be maintained so that the database is consistent before and after the transaction.\n• It refers to the correctness of a database.']","Isolation is important because it lets several transactions run at the same time without interfering with one another, preventing inconsistencies in the database state. It guarantees that the changes made by a transaction are not visible to other transactions until they are committed, so the concurrent execution yields a result equivalent to some serial order of the transactions. This preservation of independent execution maintains the correctness of the database.","Isolation ensures that multiple transactions occurring concurrently do not interfere with one another, preventing database inconsistency. It makes it so that changes in one transaction are not visible to others until they are officially committed, mimicking serial execution.",1.0,,0.9999999999,1.0
"Compare and contrast ""Serial"" and ""Serializable"" schedules.","['Difference between Serial Schedule and Serializable Schedule Serial Schedule Serializable Schedule In Serial schedule, transactions will be In Serializable schedule transaction are executed one after other. executed concurrently. Serial schedule are less efficient. Serializable schedule are more efficient. In serial schedule only one transaction In Serializable schedule multiple transactions executed at a time. can be executed at a time. Serial schedule takes more time for In Serializable schedule execution is fast. execution.\nConcurrency Control\n• A transaction is a single reasonable unit of work that can retrieve or may change the data of a database.\n• Executing each transaction individually increases the waiting time for the other transactions and the overall execution also gets delayed. Hence, to increase the throughput and to reduce the waiting time, transactions are executed concurrently.\n• When several transactions execute concurrently without any rules and protocols, various problems arise that may harm the data integrity of several databases.\nConcurrency Control', '• Conflict Pair\n—® / Precedence Graph\nView Serializability\n• View Serializability is a process to find out that a given schedule is view serializable or not.\n• To check whether a given schedule is view serializable, we need to check whether the given schedule is View Equivalent to its serial schedule.\n• Lets take an example to understand what is mean by that.\nExample\nT1 T2 R(X) W(X) R(X) W(X) R(Y) W(Y) R(Y) W(Y)\n• As we know that in a serial schedule transaction only starts when the current running transaction is finished. So the serial schedule of the above given schedule would look like this:\nExample\nT1 T2 —_— = = = === o R(X) W(Xx) R(Y) W(Y) R(X) W(X) R(Y) W(Y)\n• If we can prove that the given schedule is View Equivalent to its serial schedule then the given schedule is called view Serializable.\nWhy we need View Serializability?\n• All schedules may not be conflict serializable.\n|\n• We know that a serial schedule never leaves the database in inconsistent state because there are no concurrent transactions execution.\n• However, a non-serial schedule can leave the database in inconsistent state because there are multiple transactions running concurrently.\n|']","A **Serial schedule** executes transactions one after another, allowing only a single transaction to run at any time; it is less efficient and takes more time to complete. A **Serializable schedule** permits multiple transactions to execute concurrently, making execution faster and more efficient while still preserving the consistency guarantees of a serial schedule. Thus, serial schedules avoid concurrency altogether, whereas serializable schedules achieve the same correctness as serial schedules through controlled concurrent execution.","A serial schedule executes transactions one after another, which is always correct but slow and inefficient. A serializable schedule allow transactions to run concurrently (interleaved) but ensures the final result is identical to at least one serial execution, providing better performance without sacrificing correctness.",,,0.99999999995,
"Why might a database administrator choose to use ""View Serializability"" over ""Conflict Serializability""?","['• Conflict Pair\n—® / Precedence Graph\nView Serializability\n• View Serializability is a process to find out that a given schedule is view serializable or not.\n• To check whether a given schedule is view serializable, we need to check whether the given schedule is View Equivalent to its serial schedule.\n• Lets take an example to understand what is mean by that.\nExample\nT1 T2 R(X) W(X) R(X) W(X) R(Y) W(Y) R(Y) W(Y)\n• As we know that in a serial schedule transaction only starts when the current running transaction is finished. So the serial schedule of the above given schedule would look like this:\nExample\nT1 T2 —_— = = = === o R(X) W(Xx) R(Y) W(Y) R(X) W(X) R(Y) W(Y)\n• If we can prove that the given schedule is View Equivalent to its serial schedule then the given schedule is called view Serializable.\nWhy we need View Serializability?\n• All schedules may not be conflict serializable.\n|\n• We know that a serial schedule never leaves the database in inconsistent state because there are no concurrent transactions execution.\n• However, a non-serial schedule can leave the database in inconsistent state because there are multiple transactions running concurrently.\n|', '• If all the transaction is not serializable, then it produces the incorrect result.\nTypes of Serializability Conflict Serializability View Serializability\nConflict Serializability\n• Conflict Serializability in DBMS checks if a non-serial schedule is conflict serializable or not.\n• Conflict serializability orders any conflicting operations in the same way as some serial execution.\n• A pair of operations is said to conflict if they operate on the same data item and one of them is a write operation.\nTransactio Transaction j IsConflicting Readi (X) Readj (X) Non-conflicting Readi (X) fl Writej (X Writei (X) Readj (X) fl Writei (X) Writej (X Conflicting\nConflict Serializability\n• A schedule is called conflict serializability if after swapping of non- conflicting operations, it can transform into a serial schedule.\n• The schedule will be a conflict serializable if it is conflict equivalent to a serial schedule.\nConflict Equivalent\n• In the conflict equivalent, one can be transformed to another by swapping non-conflicting operations.\n• In the given example, S2 is conflict equivalent to S1 (S1 can be converted to S2 by swapping non-conflicting operations).']","A database administrator may prefer **view serializability** because some schedules are **not conflict‑serializable** yet can still be **view‑equivalent** to a serial schedule, preserving correctness while allowing greater concurrency. By using view serializability the DBMS can accept a broader set of schedules that would be rejected under conflict‑serializability, avoiding incorrect results that arise when a schedule is not serializable.","While Conflict Serializability focuses on the order of specific read/write conflicts, not all consistent schedules are conflict serializable. View Serializability is a broader concept that checks if the final outcome is equivalent to a serial schedule, ensuring consistency for a wider range of non-serial schedules.",,0.9824022085037666,,1.0
What are the primary trade-offs or disadvantages of strictly implementing ACID properties?,"['Advantages of ACID Properties in DBMS\n• Data Consistency: ACID properties ensure that the data remains consistent and accurate after any transaction execution.\n• Data Integrity: ACID properties maintain the integrity of the data by ensuring that any changes to the database are permanent and cannot be lost.\n• Concurrency Control: ACID properties help to manage multiple transactions occurring concurrently by preventing interference between them.\n• Recovery: ACID properties ensure that in case of any failure or crash, the system can recover the data up to the point of failure or crash.\nDisadvantages of ACID Properties in DBMS\n• Performance: The ACID properties can cause a performance overhead in the system, as they require additional processing to ensure data consistency and integrity.\n• Scalability: The ACID properties may cause scalability issues in large distributed systems where multiple transactions occur concurrently.\n• Complexity: Implementing the ACID properties can increase the complexity of the system and require significant expertise and resources.\nSimple Transactions Models\nRead /Write Permanent operations Store Failure END Failure Roll Back Transaction States in DBMS', 'Read (X) Read (X) X:=X*100 Read (Y) =X+Y Write (X) Read (Y) Write (Z) ¥:=¥—-50 Write(Y)\n• Let X= 500, Y = 500.\n• Suppose T has been executed till Read (Y) and then T’’ starts. As a result, interleaving of operations takes place due to which T’’ reads the correct value of X but the incorrect value of Y and sum computed by T’’: (X+Y = 50, 000+500=50, 500)\nis thus not consistent with the sum at end of the transaction:\nT: (X+Y = 50, 000 + 450 = 50, 450).\nThis results in database inconsistency, due to a loss of 50 units. Hence, transactions must take place in isolation and changes should be visible only after they have been made to the main memory.\nDurability\n• This property ensures that once the transaction has completed execution, the updates and modifications to the database are stored in and written to disk and they persist even if a system failure occurs.\n• These updates now become permanent and are stored in non-volatile memory.\n• The effects of the transaction, thus, are never lost.\nAdvantages of ACID Properties in DBMS\n• Data Consistency: ACID properties ensure that the data remains consistent and accurate after any transaction execution.']","The primary disadvantages of strictly implementing ACID properties are performance overhead, reduced scalability, and increased system complexity. Ensuring data consistency and integrity requires additional processing, which can slow the system; the strict guarantees can hinder scalability in large distributed environments; and implementing ACID mechanisms adds complexity and demands significant expertise and resources.","Implementing ACID properties can lead to performance overhead due to the extra processing required for consistency checks. Additionally, it can cause scalability issues in large distributed systems and increases the overall complexity of the DBMS architecture.",,0.9690188130318458,0.9999999999,
"Explain how ""Strict Two-Phase Locking"" (Strict-2PL) differs from standard ""Two-Phase Locking"" (2PL).","['TRANSACTION T1:\n1. Lock(X) // Acquire lock on data item X\n2. Read(X)\n3. Unlock(X) // Release lock\nTRANSACTION T2:\n1. Lock(X) // Waits for T1 to release the lock\n2. Read(X)\n3. Unlock(X)\nStrict Two-phase locking (Strict-2PL)\nLock is attained / — Release at commit ™ / TEnd Time T Begin\nStrict Two-phase locking (Strict-2PL)\n• The first phase of Strict-2PL is similar to 2PL.\n• In the first phase, after acquiring all the locks, the transaction continues to execute normally.\n• The only difference between 2PL and strict 2PL is that Strict-2PL does not release a lock after using it.\n• Strict-2PL waits until the whole transaction to commit, and then it releases all the locks at a time.\n• Strict-2PL protocol does not have shrinking phase of lock release.\nStrict 2PL:\n• A transaction holds all its exclusive (X) locks until it commits or aborts.\n• This prevents the ""Dirty Read"" problem because no other transaction can read the data until the first one is finished.\nLocking solves concurrency problems, but it introduces a new one: Deadlock.\nAnalogy: The Four-Way Intersection\n• Four cars arrive at a four-way stop at the same time.\n• Car 1 wants to go straight and is waiting for Car 2 to move.', '• Allows a transaction to read a data item.\n• Multiple transactions can hold an S-Lock on the same item at the same time (many people can read a document at once).\nLock-Based Protocols\nb)Exclusive Lock(X): The locks which allow both the read and write operations for any data in a transaction are known as exclusive locks.\n• Also called a Write Lock.\n• Allows a transaction to both read and write a data item.\n• Only one transaction can hold an X-Lock on an item.\n• If a transaction holds an X-Lock, no other transaction can get any lock (S or X) on that item.\nExample\nT1 Lock-X(B) R(B) B-50 W(B) Unlock(B) T2 Lock-S(B) R(B) Unlock(B)\nLock-Based Protocols\n• There are two kind of lock based protocol mostly used in database:\n1. Two Phase Locking Protocol\n2. Strict Two Phase Locking Protocol\nTwo Phase Locking Protocol\nAcquire Release Lock Lock Acquire Release Lock Lock | Time | 4 5 8 | Start Operations End — +—> — Y Growing Phase Locked Shrinking Phase Phase\nTwo Phase Locking Protocol (Example)\n• This is the most fundamental locking protocol that guarantees serializability. It has a simple but powerful rule:']","Strict Two‑Phase Locking (Strict‑2PL) follows the same growing phase as standard 2PL, but it never releases any lock during execution. Instead, a transaction holds all of its exclusive (X) locks until it commits or aborts, releasing them all at once at the end, so Strict‑2PL has no shrinking phase. This differs from standard 2PL, which allows locks to be released during the shrinking phase after the transaction has acquired all needed locks. Consequently, Strict‑2PL prevents dirty reads by ensuring no other transaction can read a data item until the first transaction finishes.","While both have a growing phase to acquire locks, Strict-2PL does not have a typical shrinking phase where locks are released one by one. Instead, it holds all exclusive locks until the transaction either commits or aborts, specifically to prevent the ""Dirty Read"" problem.",,0.881912462498768,0.9999999999,
"A system failure occurs after a bank transfer deducts money from Account A but before it adds it to Account B. Which ACID property handles this, and what is the outcome?","['• Agent A subtracts 1 and writes back seats_available = 0. The customer is happy.\n• Agent B subtracts 1 and writes back seats_available = 0. That customer is also happy.\n• Result: Two tickets were sold for one seat. The first update (from Agent A) was lost because Agent B overwrote it. The final seat count is 0, but it should be -1 (which would indicate an overbooking error).\nb) The Dirty Read Problem (Uncommitted Dependency)\nAnalogy: Planning a trip based on a friend\'s unconfirmed plan.\n• Initial state: Account A = $1000.\n• Transaction 1 (T1): Starts a transfer. Subtracts $500 from Account A. A = 500.\n• Transaction 2 (T2): Reads Account A\'s balance. It sees $500. It approves a loan for the user based on this balance.\n• Transaction 1 (T1): The transfer fails for some reason! T1 rolls back, restoring Account A to its original value. A = 1000.\n• Result: T2 made a decision based on ""dirty"" (uncommitted) data. The loan was approved based on a $500 balance that never officially existed.\nc) The Inconsistent Analysis Problem (Non-Repeatable Read)\nAnalogy: Trying to count guests at a party while people are still arriving.', ""Chapter 7: Transaction processing & Concurrency Control\nBy: Er. Raj Kiran Chhatkuli Assistant Professor Department of Electronics & Computer Engineering IOE Paschimanchal Campus, TU\nWhat is Transaction?\n• A transaction is a single logical unit of work that accesses and possibly modifies the contents of a database.\n• Transactions access data using read and write operations.\n• Let’s take an example of a simple transaction. Suppose a bank employee transfers Rs 500 from A's account to B's account. This very simple and small transaction involves several low-level tasks.\n• A transaction in a database system must maintain ACID properties − in order to ensure accuracy, completeness, and data integrity.\nACID Properties in DBMS The entire transaction takes place at once or doesn't happen at all. The database must be consistent before and after the transaction. Multiple Transactions occur independently without interference. The changes of a successful transaction occurs even if the system failure occurs.\nAtomicity\n• This property states that a transaction must be treated as an atomic unit.\n• By this, we mean that either the entire transaction takes place at once or doesn’t happen at all.""]","The **Atomicity** property handles this situation. Because a transaction must be treated as an atomic unit, the system will roll back the partial work, so the deduction from Account A is undone and the transfer does not occur, leaving the database in its original consistent state.","This scenario is handled by the Atomicity and Consistency properties. Because the transaction was not completed in its entirety, the ""All or nothing rule"" applies, and the database must be rolled back to its previous consistent state where the money is still in Account A.",,0.821387174814063,0.99999999995,1.0
Two airline agents see one remaining seat and both try to book it at the exact same time. How does 2PL prevent them from both successfully selling the same seat?,"['• Agent A subtracts 1 and writes back seats_available = 0. The customer is happy.\n• Agent B subtracts 1 and writes back seats_available = 0. That customer is also happy.\n• Result: Two tickets were sold for one seat. The first update (from Agent A) was lost because Agent B overwrote it. The final seat count is 0, but it should be -1 (which would indicate an overbooking error).\nb) The Dirty Read Problem (Uncommitted Dependency)\nAnalogy: Planning a trip based on a friend\'s unconfirmed plan.\n• Initial state: Account A = $1000.\n• Transaction 1 (T1): Starts a transfer. Subtracts $500 from Account A. A = 500.\n• Transaction 2 (T2): Reads Account A\'s balance. It sees $500. It approves a loan for the user based on this balance.\n• Transaction 1 (T1): The transfer fails for some reason! T1 rolls back, restoring Account A to its original value. A = 1000.\n• Result: T2 made a decision based on ""dirty"" (uncommitted) data. The loan was approved based on a $500 balance that never officially existed.\nc) The Inconsistent Analysis Problem (Non-Repeatable Read)\nAnalogy: Trying to count guests at a party while people are still arriving.', '2. Shrinking Phase:\n• The transaction starts releasing locks as soon as it no longer needs them.\n• The transaction can release locks but cannot acquire any new locks.\nAnalogy: A shopping trip.\n• Growing Phase: You walk through the store, putting items (acquiring locks) into your cart.\n• Point of No Return: You get to the checkout. This is the end of the growing phase.\n• Shrinking Phase: As the cashier scans each item, it\'s ""released"" from your cart. You can\'t decide halfway through checkout to run back and grab more milk (acquire a new lock).\nHow does 2PL solve the ""Lost Update"" problem?\n• Agent A wants to update seats_available. It must get an X-Lock on it first.\n• Agent B also wants to update seats_available. It tries to get an X-Lock but is blocked because Agent A already holds one.\n• Agent A finishes its transaction and releases the lock.\n• Agent B can now acquire the lock, read the correct value (0), and proceed. The lost update is prevented!\nTwo Phase Locking Protocol\nTRANSACTION T1:\n1. Lock(X) // Acquire lock on data item X\n2. Read(X)\n3. Unlock(X) // Release lock\nTRANSACTION T2:\n1. Lock(X) // Waits for T1 to release the lock\n2. Read(X)\n3. Unlock(X)']","Two‑Phase Locking forces each agent to obtain an exclusive (X) lock on the seat record before it can modify it. The first agent that acquires the X‑lock (e.g., Agent A) proceeds, while the second agent (Agent B) is blocked until the lock is released. When Agent A finishes its transaction it releases the lock, after which Agent B can acquire the lock, read the updated value (now 0) and see that no seat remains, so it cannot sell the same seat. Thus the lost‑update situation is avoided.","Under 2PL, the first agent's transaction must acquire an Exclusive Lock (X-Lock) on the seat data. The second agent's request for a lock will be blocked until the first agent's transaction commits and releases the lock, forcing the second agent to see the updated seat count of zero.",,0.7871815854915236,0.49999999995,1.0
"A manager runs a report to sum all account balances while a transfer is moving $20 from Account A to Account B. If the manager sees the old balance for A but the new balance for B, what concurrency problem has occurred?","['c) The Inconsistent Analysis Problem (Non-Repeatable Read)\nAnalogy: Trying to count guests at a party while people are still arriving.\n• A banking manager is running a report to sum the balances of two accounts, A and B.\n• Initial state: A = $100, B = $50. Total should be $150.\n• Transaction 1 (Manager\'s Report): Reads balance of A (gets $100).\n• Transaction 2 (Your Transfer): Transfers $20 from A to B. It commits. The new state is A = $80, B = $70.\n• Transaction 1 (Manager\'s Report): Now reads balance of B (gets $70).\n• Result: The manager\'s report calculates a total of $100 + $70 = $170. This total never existed in the database at any single point in time. T1 got two different ""snapshots"" of the data within the same transaction.\nSerializability Concept (The Solution to Concurrency Problems)\nHow do we get the performance of concurrency without the problems? The goal is Serializability.\n• Serial Execution: Running transactions one after another, in a series. This is always correct but slow. (e.g., T1 runs to completion, then T2 runs to completion).\n• Concurrent Execution: Interleaving the operations of multiple transactions. This is fast but can be incorrect.', '• Agent A subtracts 1 and writes back seats_available = 0. The customer is happy.\n• Agent B subtracts 1 and writes back seats_available = 0. That customer is also happy.\n• Result: Two tickets were sold for one seat. The first update (from Agent A) was lost because Agent B overwrote it. The final seat count is 0, but it should be -1 (which would indicate an overbooking error).\nb) The Dirty Read Problem (Uncommitted Dependency)\nAnalogy: Planning a trip based on a friend\'s unconfirmed plan.\n• Initial state: Account A = $1000.\n• Transaction 1 (T1): Starts a transfer. Subtracts $500 from Account A. A = 500.\n• Transaction 2 (T2): Reads Account A\'s balance. It sees $500. It approves a loan for the user based on this balance.\n• Transaction 1 (T1): The transfer fails for some reason! T1 rolls back, restoring Account A to its original value. A = 1000.\n• Result: T2 made a decision based on ""dirty"" (uncommitted) data. The loan was approved based on a $500 balance that never officially existed.\nc) The Inconsistent Analysis Problem (Non-Repeatable Read)\nAnalogy: Trying to count guests at a party while people are still arriving.']","The situation describes the **Inconsistent Analysis Problem (Non‑Repeatable Read)**, where the manager’s transaction reads one account’s old value and the other account’s updated value, producing a total that never existed.","This is the ""Inconsistent Analysis Problem"" (or Non-Repeatable Read). The manager's report (T1) got two different ""snapshots"" of the data at different times because Transaction 2 (the transfer) committed its changes while T1 was still running.",,0.8401481578341174,,1.0
"Using the ""Shopping Trip"" analogy provided in the text, explain the transition from the ""Growing Phase"" to the ""Shrinking Phase"" in a transaction.","['2. Shrinking Phase:\n• The transaction starts releasing locks as soon as it no longer needs them.\n• The transaction can release locks but cannot acquire any new locks.\nAnalogy: A shopping trip.\n• Growing Phase: You walk through the store, putting items (acquiring locks) into your cart.\n• Point of No Return: You get to the checkout. This is the end of the growing phase.\n• Shrinking Phase: As the cashier scans each item, it\'s ""released"" from your cart. You can\'t decide halfway through checkout to run back and grab more milk (acquire a new lock).\nHow does 2PL solve the ""Lost Update"" problem?\n• Agent A wants to update seats_available. It must get an X-Lock on it first.\n• Agent B also wants to update seats_available. It tries to get an X-Lock but is blocked because Agent A already holds one.\n• Agent A finishes its transaction and releases the lock.\n• Agent B can now acquire the lock, read the correct value (0), and proceed. The lost update is prevented!\nTwo Phase Locking Protocol\nTRANSACTION T1:\n1. Lock(X) // Acquire lock on data item X\n2. Read(X)\n3. Unlock(X) // Release lock\nTRANSACTION T2:\n1. Lock(X) // Waits for T1 to release the lock\n2. Read(X)\n3. Unlock(X)', '• Agent A subtracts 1 and writes back seats_available = 0. The customer is happy.\n• Agent B subtracts 1 and writes back seats_available = 0. That customer is also happy.\n• Result: Two tickets were sold for one seat. The first update (from Agent A) was lost because Agent B overwrote it. The final seat count is 0, but it should be -1 (which would indicate an overbooking error).\nb) The Dirty Read Problem (Uncommitted Dependency)\nAnalogy: Planning a trip based on a friend\'s unconfirmed plan.\n• Initial state: Account A = $1000.\n• Transaction 1 (T1): Starts a transfer. Subtracts $500 from Account A. A = 500.\n• Transaction 2 (T2): Reads Account A\'s balance. It sees $500. It approves a loan for the user based on this balance.\n• Transaction 1 (T1): The transfer fails for some reason! T1 rolls back, restoring Account A to its original value. A = 1000.\n• Result: T2 made a decision based on ""dirty"" (uncommitted) data. The loan was approved based on a $500 balance that never officially existed.\nc) The Inconsistent Analysis Problem (Non-Repeatable Read)\nAnalogy: Trying to count guests at a party while people are still arriving.']","In the shopping‑trip analogy, the transition occurs at the **checkout**—the “point of no return.” Reaching checkout marks the end of the **Growing Phase**, where the transaction has been adding items (acquiring locks) to its cart. Once at checkout, the transaction enters the **Shrinking Phase**: the cashier scans each item, which corresponds to releasing the locks, and no new items (locks) may be added. This shift ensures that after the checkpoint the transaction can only give up resources, not obtain new ones.","In the analogy, the Growing Phase is like walking through the store and putting items (locks) into your cart. The ""Point of No Return"" or checkout represents the end of the growing phase; once the cashier starts scanning (Shrinking Phase), you can release items but cannot go back to grab more.",,0.8667539611473177,,
"If Transaction 1 holds a lock on Data A and waits for Data B, while Transaction 2 holds a lock on Data B and waits for Data A, what state is the system in and how can it be resolved?","['TRANSACTION T1:\n1. Lock(X) // Acquire lock on data item X\n2. Read(X)\n3. Unlock(X) // Release lock\nTRANSACTION T2:\n1. Lock(X) // Waits for T1 to release the lock\n2. Read(X)\n3. Unlock(X)\nStrict Two-phase locking (Strict-2PL)\nLock is attained / — Release at commit ™ / TEnd Time T Begin\nStrict Two-phase locking (Strict-2PL)\n• The first phase of Strict-2PL is similar to 2PL.\n• In the first phase, after acquiring all the locks, the transaction continues to execute normally.\n• The only difference between 2PL and strict 2PL is that Strict-2PL does not release a lock after using it.\n• Strict-2PL waits until the whole transaction to commit, and then it releases all the locks at a time.\n• Strict-2PL protocol does not have shrinking phase of lock release.\nStrict 2PL:\n• A transaction holds all its exclusive (X) locks until it commits or aborts.\n• This prevents the ""Dirty Read"" problem because no other transaction can read the data until the first one is finished.\nLocking solves concurrency problems, but it introduces a new one: Deadlock.\nAnalogy: The Four-Way Intersection\n• Four cars arrive at a four-way stop at the same time.\n• Car 1 wants to go straight and is waiting for Car 2 to move.', ""Chapter 7: Transaction processing & Concurrency Control\nBy: Er. Raj Kiran Chhatkuli Assistant Professor Department of Electronics & Computer Engineering IOE Paschimanchal Campus, TU\nWhat is Transaction?\n• A transaction is a single logical unit of work that accesses and possibly modifies the contents of a database.\n• Transactions access data using read and write operations.\n• Let’s take an example of a simple transaction. Suppose a bank employee transfers Rs 500 from A's account to B's account. This very simple and small transaction involves several low-level tasks.\n• A transaction in a database system must maintain ACID properties − in order to ensure accuracy, completeness, and data integrity.\nACID Properties in DBMS The entire transaction takes place at once or doesn't happen at all. The database must be consistent before and after the transaction. Multiple Transactions occur independently without interference. The changes of a successful transaction occurs even if the system failure occurs.\nAtomicity\n• This property states that a transaction must be treated as an atomic unit.\n• By this, we mean that either the entire transaction takes place at once or doesn’t happen at all.""]",This topic is not covered in the provided material.,"The system is in a ""Deadlock."" To resolve this, the system can use Deadlock Detection to identify the circular wait in a wait-for graph and then choose one transaction as a ""victim"" to be aborted, thereby releasing its locks and allowing the other to proceed.",0.0,0.5086966805107611,,0.5
What are the specific rules for converting a database schema from Second Normal Form (2NF) to Third Normal Form (3NF)?,"['Consistency\n• This property states that integrity constraints must be maintained so that the database is consistent before and after the transaction.\n• It refers to the correctness of a database.\n• Referring to the example above, The total amount before and after the transaction must be maintained. Total before T occurs = 500 + 200 = 700. Total after T occurs = 400 + 300 = 700. Therefore, the database is consistent.\n• Inconsistency occurs in case T1 completes but T2 fails. As a result, T is incomplete.\nIsolation\n• This property ensures that multiple transactions can occur concurrently without leading to the inconsistency of the database state.\n• Transactions occur independently without interference.\n• Changes occurring in a particular transaction will not be visible to any other transaction until that particular change in that transaction is written to memory or has been committed.\n• This property ensures that the execution of transactions concurrently will result in a state that is equivalent to a state achieved these were executed serially in some order.\nRead (X) Read (X) X:=X*100 Read (Y) =X+Y Write (X) Read (Y) Write (Z) ¥:=¥—-50 Write(Y)\n• Let X= 500, Y = 500.', 'Read (X) Read (X) X:=X*100 Read (Y) =X+Y Write (X) Read (Y) Write (Z) ¥:=¥—-50 Write(Y)\n• Let X= 500, Y = 500.\n• Suppose T has been executed till Read (Y) and then T’’ starts. As a result, interleaving of operations takes place due to which T’’ reads the correct value of X but the incorrect value of Y and sum computed by T’’: (X+Y = 50, 000+500=50, 500)\nis thus not consistent with the sum at end of the transaction:\nT: (X+Y = 50, 000 + 450 = 50, 450).\nThis results in database inconsistency, due to a loss of 50 units. Hence, transactions must take place in isolation and changes should be visible only after they have been made to the main memory.\nDurability\n• This property ensures that once the transaction has completed execution, the updates and modifications to the database are stored in and written to disk and they persist even if a system failure occurs.\n• These updates now become permanent and are stored in non-volatile memory.\n• The effects of the transaction, thus, are never lost.\nAdvantages of ACID Properties in DBMS\n• Data Consistency: ACID properties ensure that the data remains consistent and accurate after any transaction execution.']",This topic is not covered in the provided material.,"I don't know, or this information is not covered in this document. The provided text focuses on transaction processing and concurrency control, not normalization forms.",0.0,0.0,0.0,1.0
"How do you write a SQL query using the ""GROUP BY"" and ""HAVING"" clauses to filter aggregate results?","['Consistency\n• This property states that integrity constraints must be maintained so that the database is consistent before and after the transaction.\n• It refers to the correctness of a database.\n• Referring to the example above, The total amount before and after the transaction must be maintained. Total before T occurs = 500 + 200 = 700. Total after T occurs = 400 + 300 = 700. Therefore, the database is consistent.\n• Inconsistency occurs in case T1 completes but T2 fails. As a result, T is incomplete.\nIsolation\n• This property ensures that multiple transactions can occur concurrently without leading to the inconsistency of the database state.\n• Transactions occur independently without interference.\n• Changes occurring in a particular transaction will not be visible to any other transaction until that particular change in that transaction is written to memory or has been committed.\n• This property ensures that the execution of transactions concurrently will result in a state that is equivalent to a state achieved these were executed serially in some order.\nRead (X) Read (X) X:=X*100 Read (Y) =X+Y Write (X) Read (Y) Write (Z) ¥:=¥—-50 Write(Y)\n• Let X= 500, Y = 500.', '• Agent A subtracts 1 and writes back seats_available = 0. The customer is happy.\n• Agent B subtracts 1 and writes back seats_available = 0. That customer is also happy.\n• Result: Two tickets were sold for one seat. The first update (from Agent A) was lost because Agent B overwrote it. The final seat count is 0, but it should be -1 (which would indicate an overbooking error).\nb) The Dirty Read Problem (Uncommitted Dependency)\nAnalogy: Planning a trip based on a friend\'s unconfirmed plan.\n• Initial state: Account A = $1000.\n• Transaction 1 (T1): Starts a transfer. Subtracts $500 from Account A. A = 500.\n• Transaction 2 (T2): Reads Account A\'s balance. It sees $500. It approves a loan for the user based on this balance.\n• Transaction 1 (T1): The transfer fails for some reason! T1 rolls back, restoring Account A to its original value. A = 1000.\n• Result: T2 made a decision based on ""dirty"" (uncommitted) data. The loan was approved based on a $500 balance that never officially existed.\nc) The Inconsistent Analysis Problem (Non-Repeatable Read)\nAnalogy: Trying to count guests at a party while people are still arriving.']",This topic is not covered in the provided material.,"I don't know, or this information is not covered in this document. The source material does not contain information on SQL syntax or aggregate query construction.",1.0,0.4683571617276155,0.0,0.5
Explain the difference between B-Tree and Hash indexing and when to use each for optimizing queries.,"['c) The Inconsistent Analysis Problem (Non-Repeatable Read)\nAnalogy: Trying to count guests at a party while people are still arriving.\n• A banking manager is running a report to sum the balances of two accounts, A and B.\n• Initial state: A = $100, B = $50. Total should be $150.\n• Transaction 1 (Manager\'s Report): Reads balance of A (gets $100).\n• Transaction 2 (Your Transfer): Transfers $20 from A to B. It commits. The new state is A = $80, B = $70.\n• Transaction 1 (Manager\'s Report): Now reads balance of B (gets $70).\n• Result: The manager\'s report calculates a total of $100 + $70 = $170. This total never existed in the database at any single point in time. T1 got two different ""snapshots"" of the data within the same transaction.\nSerializability Concept (The Solution to Concurrency Problems)\nHow do we get the performance of concurrency without the problems? The goal is Serializability.\n• Serial Execution: Running transactions one after another, in a series. This is always correct but slow. (e.g., T1 runs to completion, then T2 runs to completion).\n• Concurrent Execution: Interleaving the operations of multiple transactions. This is fast but can be incorrect.', 'Read (X) Read (X) X:=X*100 Read (Y) =X+Y Write (X) Read (Y) Write (Z) ¥:=¥—-50 Write(Y)\n• Let X= 500, Y = 500.\n• Suppose T has been executed till Read (Y) and then T’’ starts. As a result, interleaving of operations takes place due to which T’’ reads the correct value of X but the incorrect value of Y and sum computed by T’’: (X+Y = 50, 000+500=50, 500)\nis thus not consistent with the sum at end of the transaction:\nT: (X+Y = 50, 000 + 450 = 50, 450).\nThis results in database inconsistency, due to a loss of 50 units. Hence, transactions must take place in isolation and changes should be visible only after they have been made to the main memory.\nDurability\n• This property ensures that once the transaction has completed execution, the updates and modifications to the database are stored in and written to disk and they persist even if a system failure occurs.\n• These updates now become permanent and are stored in non-volatile memory.\n• The effects of the transaction, thus, are never lost.\nAdvantages of ACID Properties in DBMS\n• Data Consistency: ACID properties ensure that the data remains consistent and accurate after any transaction execution.']",This topic is not covered in the provided material.,"I don't know, or this information is not covered in this document. This document deals with transactions and locking protocols rather than physical storage structures or indexing methods.",0.0,,0.0,0.5
"What is the difference between a ""Natural Join"" and an ""Outer Join"" in relational algebra?","['Consistency\n• This property states that integrity constraints must be maintained so that the database is consistent before and after the transaction.\n• It refers to the correctness of a database.\n• Referring to the example above, The total amount before and after the transaction must be maintained. Total before T occurs = 500 + 200 = 700. Total after T occurs = 400 + 300 = 700. Therefore, the database is consistent.\n• Inconsistency occurs in case T1 completes but T2 fails. As a result, T is incomplete.\nIsolation\n• This property ensures that multiple transactions can occur concurrently without leading to the inconsistency of the database state.\n• Transactions occur independently without interference.\n• Changes occurring in a particular transaction will not be visible to any other transaction until that particular change in that transaction is written to memory or has been committed.\n• This property ensures that the execution of transactions concurrently will result in a state that is equivalent to a state achieved these were executed serially in some order.\nRead (X) Read (X) X:=X*100 Read (Y) =X+Y Write (X) Read (Y) Write (Z) ¥:=¥—-50 Write(Y)\n• Let X= 500, Y = 500.', '• Agent A subtracts 1 and writes back seats_available = 0. The customer is happy.\n• Agent B subtracts 1 and writes back seats_available = 0. That customer is also happy.\n• Result: Two tickets were sold for one seat. The first update (from Agent A) was lost because Agent B overwrote it. The final seat count is 0, but it should be -1 (which would indicate an overbooking error).\nb) The Dirty Read Problem (Uncommitted Dependency)\nAnalogy: Planning a trip based on a friend\'s unconfirmed plan.\n• Initial state: Account A = $1000.\n• Transaction 1 (T1): Starts a transfer. Subtracts $500 from Account A. A = 500.\n• Transaction 2 (T2): Reads Account A\'s balance. It sees $500. It approves a loan for the user based on this balance.\n• Transaction 1 (T1): The transfer fails for some reason! T1 rolls back, restoring Account A to its original value. A = 1000.\n• Result: T2 made a decision based on ""dirty"" (uncommitted) data. The loan was approved based on a $500 balance that never officially existed.\nc) The Inconsistent Analysis Problem (Non-Repeatable Read)\nAnalogy: Trying to count guests at a party while people are still arriving.']",This topic is not covered in the provided material.,"I don't know, or this information is not covered in this document. Relational algebra operations and join types are not discussed in these slides.",0.0,0.0,0.0,0.5
Describe the Grant and Revoke commands used for database security and authorization.,"['• When several transactions execute concurrently without any rules and protocols, various problems arise that may harm the data integrity of several databases.\nConcurrency Control\n• Concurrency Control is the working concept that is required for controlling and managing the concurrent execution of database operations and thus avoiding the inconsistencies in the database.\n• Thus, for maintaining the concurrency & isolation of the database, we have the concurrency control protocols.\n• Concurrency control is a crucial aspect of database management systems (DBMS) that ensures the consistency of data in a multi-user environment where multiple transactions may be executed concurrently.\nConcurrency Control Protocols\n• To avoid concurrency problems and to maintain consistency and serializability during the execution of concurrent transactions some rules are made. These rules are known as Concurrency Control Protocols.\n1. Lock-Based Protocols\n2. Time-Based Protocols\n3. Validation-Based Protocols\nLock-Based Protocols\nLocks are like ""do not disturb"" signs that transactions place on data.\nAnalogy: Editing a shared Google Doc.', '2. Time-Based Protocols\n3. Validation-Based Protocols\nLock-Based Protocols\nLocks are like ""do not disturb"" signs that transactions place on data.\nAnalogy: Editing a shared Google Doc.\nWhen you start typing in a paragraph, it locks that section so no one else can edit it at the same time, preventing you from overwriting each other\'s work.\n• To attain consistency & isolation between the transactions, lock is the most important tool.\n• A lock is a data variable which is associated with a data item. This lock signifies that operations that can be performed on the data item.\n• Through lock-based protocols, to access data items, acquires lock for a current transaction and then releases it after completion.\nLock-Based Protocols\n• There are two kinds of locks used in Lock-based protocols:\na)Shared Lock(S): The locks which disable the write operations but allow read operations for any data in a transaction are known as shared locks.\n• Also called a Read Lock.\n• Allows a transaction to read a data item.\n• Multiple transactions can hold an S-Lock on the same item at the same time (many people can read a document at once).\nLock-Based Protocols']",This topic is not covered in the provided material.,"I don't know, or this information is not covered in this document. The source material focuses on concurrency and transaction states rather than database security or access control models.",1.0,0.0,0.0,1.0
